id,title,description,availability,condition,price,sale_price,link,image_link,additional_image_link,brand,item_group_id,color,google_product_category,age_group,gender,custom_label_0
"SNS-011-NGP","The Sienna — Non-Gold-Plated Chain | Sunny's Eyewear","Handcrafted jewelry-eyewear by Sunny's Eyewear. Brown tortoiseshell geometric pilot frame with warm amber brown gradient UV400 lenses. Braided gold-tone stainless chain temples with 18K gold-plated natural gemstone caps. Category 3 sun protection.","in stock","new","3400.00 EGP","2400.00 EGP","https://sunnys.community/product-detail.html?p=sunnys-product-11","https://sunnys.community/brand_assets/brand%20assets%206/B6FAB791-E3A1-4CE5-BBA3-9AACD7C2CFC1.jpeg","https://sunnys.community/brand_assets/brand%20assets%206/AEF261ED-7A2E-43BA-9AF0-3CE3E361D563.png","Sunny's Eyewear","SNS-011","Non-Gold-Plated Chain","Apparel & Accessories > Clothing Accessories > Sunglasses & Sunglasses Accessories","adult","female","Core Collection"
"SNS-011-GP","The Sienna — 18K Gold-Plated Chain | Sunny's Eyewear","Handcrafted jewelry-eyewear by Sunny's Eyewear. Brown tortoiseshell geometric pilot frame with warm amber brown gradient UV400 lenses. 18K gold-plated braided chain temples with 18K gold-plated natural gemstone caps. Category 3 sun protection.","in stock","new","4200.00 EGP","3200.00 EGP","https://sunnys.community/product-detail.html?p=sunnys-product-11","https://sunnys.community/brand_assets/brand%20assets%206/B6FAB791-E3A1-4CE5-BBA3-9AACD7C2CFC1.jpeg","https://sunnys.community/brand_assets/brand%20assets%206/AEF261ED-7A2E-43BA-9AF0-3CE3E361D563.png","Sunny's Eyewear","SNS-011","18K Gold-Plated Chain","Apparel & Accessories > Clothing Accessories > Sunglasses & Sunglasses Accessories","adult","female","Core Collection"
"SNS-012-NGP","The Ambré — Non-Gold-Plated Chain | Sunny's Eyewear","Handcrafted jewelry-eyewear by Sunny's Eyewear. Translucent teal green rounded-square frame with gold detailing and warm amber brown gradient UV400 lenses. Braided gold-tone stainless chain temples with 18K gold-plated natural gemstone caps. Category 3 sun protection.","in stock","new","3000.00 EGP","2000.00 EGP","https://sunnys.community/product-detail.html?p=sunnys-product-12","https://sunnys.community/brand_assets/brand%20assets%206/E5B2110C-69DE-4802-82B2-0897D9E93B68.png","https://sunnys.community/brand_assets/brand%20assets%206/EFA248B8-B14D-43D6-BDBA-08705FA589BD.png","Sunny's Eyewear","SNS-012","Non-Gold-Plated Chain","Apparel & Accessories > Clothing Accessories > Sunglasses & Sunglasses Accessories","adult","female","Core Collection"
"SNS-012-GP","The Ambré — 18K Gold-Plated Chain | Sunny's Eyewear","Handcrafted jewelry-eyewear by Sunny's Eyewear. Translucent teal green rounded-square frame with gold detailing and warm amber brown gradient UV400 lenses. 18K gold-plated braided chain temples with 18K gold-plated natural gemstone caps. Category 3 sun protection.","in stock","new","3800.00 EGP","2800.00 EGP","https://sunnys.community/product-detail.html?p=sunnys-product-12","https://sunnys.community/brand_assets/brand%20assets%206/E5B2110C-69DE-4802-82B2-0897D9E93B68.png","https://sunnys.community/brand_assets/brand%20assets%206/EFA248B8-B14D-43D6-BDBA-08705FA589BD.png","Sunny's Eyewear","SNS-012","18K Gold-Plated Chain","Apparel & Accessories > Clothing Accessories > Sunglasses & Sunglasses Accessories","adult","female","Core Collection"
"SNS-014-NGP","The Lavande — Non-Gold-Plated Chain | Sunny's Eyewear","Handcrafted jewelry-eyewear by Sunny's Eyewear. Transparent crystal rounded-square frame with gold detailing and smoky mauve gradient UV400 lenses. Braided gold-tone stainless chain temples with 18K gold-plated natural gemstone caps. Category 3 sun protection.","in stock","new","3000.00 EGP","2000.00 EGP","https://sunnys.community/product-detail.html?p=sunnys-product-14","https://sunnys.community/brand_assets/brand%20assets%206/33EBA0D7-89E9-4582-8530-79FC30047A28.png","https://sunnys.community/brand_assets/brand%20assets%206/A2698FBD-A593-4A00-A525-98143C2B0AD9.png","Sunny's Eyewear","SNS-014","Non-Gold-Plated Chain","Apparel & Accessories > Clothing Accessories > Sunglasses & Sunglasses Accessories","adult","female","Core Collection"
"SNS-014-GP","The Lavande — 18K Gold-Plated Chain | Sunny's Eyewear","Handcrafted jewelry-eyewear by Sunny's Eyewear. Transparent crystal rounded-square frame with gold detailing and smoky mauve gradient UV400 lenses. 18K gold-plated braided chain temples with 18K gold-plated natural gemstone caps. Category 3 sun protection.","in stock","new","3800.00 EGP","2800.00 EGP","https://sunnys.community/product-detail.html?p=sunnys-product-14","https://sunnys.community/brand_assets/brand%20assets%206/33EBA0D7-89E9-4582-8530-79FC30047A28.png","https://sunnys.community/brand_assets/brand%20assets%206/A2698FBD-A593-4A00-A525-98143C2B0AD9.png","Sunny's Eyewear","SNS-014","18K Gold-Plated Chain","Apparel & Accessories > Clothing Accessories > Sunglasses & Sunglasses Accessories","adult","female","Core Collection"
"SNS-015-NGP","The Azurea — Non-Gold-Plated Chain | Sunny's Eyewear","Handcrafted jewelry-eyewear by Sunny's Eyewear. Translucent deep teal blue geometric pilot frame with light blue gradient UV400 lenses. Braided gold-tone stainless chain temples with 18K gold-plated natural gemstone caps. Category 3 sun protection.","in stock","new","3200.00 EGP","2200.00 EGP","https://sunnys.community/product-detail.html?p=sunnys-product-15","https://sunnys.community/brand_assets/brand%20assets%206/E172720D-81DE-4477-9733-A97F98448323.png","https://sunnys.community/brand_assets/brand%20assets%206/9822E9D2-F96B-4FA0-88A6-769BBADD7290.png","Sunny's Eyewear","SNS-015","Non-Gold-Plated Chain","Apparel & Accessories > Clothing Accessories > Sunglasses & Sunglasses Accessories","adult","female","Core Collection"
"SNS-015-GP","The Azurea — 18K Gold-Plated Chain | Sunny's Eyewear","Handcrafted jewelry-eyewear by Sunny's Eyewear. Translucent deep teal blue geometric pilot frame with light blue gradient UV400 lenses. 18K gold-plated braided chain temples with 18K gold-plated natural gemstone caps. Category 3 sun protection.","in stock","new","4000.00 EGP","3000.00 EGP","https://sunnys.community/product-detail.html?p=sunnys-product-15","https://sunnys.community/brand_assets/brand%20assets%206/E172720D-81DE-4477-9733-A97F98448323.png","https://sunnys.community/brand_assets/brand%20assets%206/9822E9D2-F96B-4FA0-88A6-769BBADD7290.png","Sunny's Eyewear","SNS-015","18K Gold-Plated Chain","Apparel & Accessories > Clothing Accessories > Sunglasses & Sunglasses Accessories","adult","female","Core Collection"
"SNS-016-NGP","The Aviara Classic — Non-Gold-Plated Chain | Sunny's Eyewear","Handcrafted jewelry-eyewear by Sunny's Eyewear. Gold metal classic pilot aviator frame with amber brown gradient UV400 lenses. Braided gold-tone stainless chain temples with 18K gold-plated natural gemstone caps. Category 3 sun protection.","in stock","new","3400.00 EGP","2400.00 EGP","https://sunnys.community/product-detail.html?p=sunnys-product-16","https://sunnys.community/brand_assets/brand%20assets%206/IMG_2581.png","https://sunnys.community/brand_assets/brand%20assets%206/D13DF80C-03B1-443E-A4EE-8A28B33C80BA.png","Sunny's Eyewear","SNS-016","Non-Gold-Plated Chain","Apparel & Accessories > Clothing Accessories > Sunglasses & Sunglasses Accessories","adult","female","Core Collection"
"SNS-016-GP","The Aviara Classic — 18K Gold-Plated Chain | Sunny's Eyewear","Handcrafted jewelry-eyewear by Sunny's Eyewear. Gold metal classic pilot aviator frame with amber brown gradient UV400 lenses. 18K gold-plated braided chain temples with 18K gold-plated natural gemstone caps. Category 3 sun protection.","in stock","new","4200.00 EGP","3200.00 EGP","https://sunnys.community/product-detail.html?p=sunnys-product-16","https://sunnys.community/brand_assets/brand%20assets%206/IMG_2581.png","https://sunnys.community/brand_assets/brand%20assets%206/D13DF80C-03B1-443E-A4EE-8A28B33C80BA.png","Sunny's Eyewear","SNS-016","18K Gold-Plated Chain","Apparel & Accessories > Clothing Accessories > Sunglasses & Sunglasses Accessories","adult","female","Core Collection"
"SNS-017-NGP","The Lunelle — Non-Gold-Plated Chain | Sunny's Eyewear","Handcrafted jewelry-eyewear by Sunny's Eyewear. Translucent smoky grey vintage oval frame with smoky grey gradient UV400 lenses. Braided gold-tone stainless chain temples with 18K gold-plated natural gemstone caps. Category 3 sun protection.","in stock","new","3000.00 EGP","2000.00 EGP","https://sunnys.community/product-detail.html?p=sunnys-product-17","https://sunnys.community/brand_assets/brand%20assets%206/E207561C-7C8F-4FCC-9227-C42174F32580.png","https://sunnys.community/brand_assets/brand%20assets%206/74435D30-41FB-4814-AA5D-F4B53A49FBCD.png","Sunny's Eyewear","SNS-017","Non-Gold-Plated Chain","Apparel & Accessories > Clothing Accessories > Sunglasses & Sunglasses Accessories","adult","female","Core Collection"
"SNS-017-GP","The Lunelle — 18K Gold-Plated Chain | Sunny's Eyewear","Handcrafted jewelry-eyewear by Sunny's Eyewear. Translucent smoky grey vintage oval frame with smoky grey gradient UV400 lenses. 18K gold-plated braided chain temples with 18K gold-plated natural gemstone caps. Category 3 sun protection.","in stock","new","3800.00 EGP","2800.00 EGP","https://sunnys.community/product-detail.html?p=sunnys-product-17","https://sunnys.community/brand_assets/brand%20assets%206/E207561C-7C8F-4FCC-9227-C42174F32580.png","https://sunnys.community/brand_assets/brand%20assets%206/74435D30-41FB-4814-AA5D-F4B53A49FBCD.png","Sunny's Eyewear","SNS-017","18K Gold-Plated Chain","Apparel & Accessories > Clothing Accessories > Sunglasses & Sunglasses Accessories","adult","female","Core Collection"
"SNS-018-NGP","The Mocha Noir — Non-Gold-Plated Chain | Sunny's Eyewear","Handcrafted jewelry-eyewear by Sunny's Eyewear. Black front with brown back vintage pilot frame with smoky grey gradient UV400 lenses. Braided gold-tone stainless chain temples with 18K gold-plated natural gemstone caps. Category 3 sun protection.","in stock","new","3000.00 EGP","2000.00 EGP","https://sunnys.community/product-detail.html?p=sunnys-product-18","https://sunnys.community/brand_assets/brand%20assets%205/E96F51DF-D269-4AFB-8B23-DBD77C64F952.png","https://sunnys.community/brand_assets/brand%20assets%205/Picsart_26-09-07_12-54-43-058.jpg","Sunny's Eyewear","SNS-018","Non-Gold-Plated Chain","Apparel & Accessories > Clothing Accessories > Sunglasses & Sunglasses Accessories","adult","female","Core Collection"
"SNS-018-GP","The Mocha Noir — 18K Gold-Plated Chain | Sunny's Eyewear","Handcrafted jewelry-eyewear by Sunny's Eyewear. Black front with brown back vintage pilot frame with smoky grey gradient UV400 lenses. 18K gold-plated braided chain temples with 18K gold-plated natural gemstone caps. Category 3 sun protection.","in stock","new","3800.00 EGP","2800.00 EGP","https://sunnys.community/product-detail.html?p=sunnys-product-18","https://sunnys.community/brand_assets/brand%20assets%205/E96F51DF-D269-4AFB-8B23-DBD77C64F952.png","https://sunnys.community/brand_assets/brand%20assets%205/Picsart_26-09-07_12-54-43-058.jpg","Sunny's Eyewear","SNS-018","18K Gold-Plated Chain","Apparel & Accessories > Clothing Accessories > Sunglasses & Sunglasses Accessories","adult","female","Core Collection"
"SNS-019-NGP","The Olive Aura — Non-Gold-Plated Chain | Sunny's Eyewear","Handcrafted jewelry-eyewear by Sunny's Eyewear. Sand gold vintage aviator frame with olive green UV400 lenses. Braided gold-tone stainless chain temples with 18K gold-plated natural gemstone caps. Category 3 sun protection.","in stock","new","3200.00 EGP","2200.00 EGP","https://sunnys.community/product-detail.html?p=sunnys-product-19","https://sunnys.community/brand_assets/brand%20assets%206/50A2FC38-8C6F-41F6-BC34-CF01645CAB6B.png","https://sunnys.community/brand_assets/brand%20assets%206/4483C0BC-E9F7-4B9B-94A6-B0DC33E0AADC.png","Sunny's Eyewear","SNS-019","Non-Gold-Plated Chain","Apparel & Accessories > Clothing Accessories > Sunglasses & Sunglasses Accessories","adult","female","Core Collection"
"SNS-019-GP","The Olive Aura — 18K Gold-Plated Chain | Sunny's Eyewear","Handcrafted jewelry-eyewear by Sunny's Eyewear. Sand gold vintage aviator frame with olive green UV400 lenses. 18K gold-plated braided chain temples with 18K gold-plated natural gemstone caps. Category 3 sun protection.","in stock","new","4000.00 EGP","3000.00 EGP","https://sunnys.community/product-detail.html?p=sunnys-product-19","https://sunnys.community/brand_assets/brand%20assets%206/50A2FC38-8C6F-41F6-BC34-CF01645CAB6B.png","https://sunnys.community/brand_assets/brand%20assets%206/4483C0BC-E9F7-4B9B-94A6-B0DC33E0AADC.png","Sunny's Eyewear","SNS-019","18K Gold-Plated Chain","Apparel & Accessories > Clothing Accessories > Sunglasses & Sunglasses Accessories","adult","female","Core Collection"
"SNS-020-NGP","The Hazel — Non-Gold-Plated Chain | Sunny's Eyewear","Handcrafted jewelry-eyewear by Sunny's Eyewear. Translucent warm brown cat-eye frame with gold detailing and smoky brown UV400 lenses. Braided gold-tone stainless chain temples with 18K gold-plated natural gemstone caps. Category 3 sun protection.","in stock","new","3000.00 EGP","2000.00 EGP","https://sunnys.community/product-detail.html?p=sunnys-product-20","https://sunnys.community/brand_assets/brand%20assets%206/A3FD3616-652C-43B5-B1FF-FF1209F927BE.png","https://sunnys.community/brand_assets/brand%20assets%206/1F8E0596-56F8-43DB-9049-E1AB416B6015.png","Sunny's Eyewear","SNS-020","Non-Gold-Plated Chain","Apparel & Accessories > Clothing Accessories > Sunglasses & Sunglasses Accessories","adult","female","Core Collection"
"SNS-020-GP","The Hazel — 18K Gold-Plated Chain | Sunny's Eyewear","Handcrafted jewelry-eyewear by Sunny's Eyewear. Translucent warm brown cat-eye frame with gold detailing and smoky brown UV400 lenses. 18K gold-plated braided chain temples with 18K gold-plated natural gemstone caps. Category 3 sun protection.","in stock","new","3800.00 EGP","2800.00 EGP","https://sunnys.community/product-detail.html?p=sunnys-product-20","https://sunnys.community/brand_assets/brand%20assets%206/A3FD3616-652C-43B5-B1FF-FF1209F927BE.png","https://sunnys.community/brand_assets/brand%20assets%206/1F8E0596-56F8-43DB-9049-E1AB416B6015.png","Sunny's Eyewear","SNS-020","18K Gold-Plated Chain","Apparel & Accessories > Clothing Accessories > Sunglasses & Sunglasses Accessories","adult","female","Core Collection"
"SNS-021-NGP","The Astrelle — Non-Gold-Plated Chain | Sunny's Eyewear","Handcrafted jewelry-eyewear by Sunny's Eyewear. Jet black vintage oval frame with dusty mauve-purple UV400 lenses. Braided gold-tone stainless chain temples with 18K gold-plated natural gemstone caps. Category 3 sun protection.","in stock","new","3000.00 EGP","2000.00 EGP","https://sunnys.community/product-detail.html?p=sunnys-product-21","https://sunnys.community/brand_assets/brand%20assets%206/75A49BA7-2407-4691-B668-36DD70AD2ED3.png","https://sunnys.community/brand_assets/brand%20assets%206/2B70C135-10EE-4DB9-937D-EDAC916188A0.png","Sunny's Eyewear","SNS-021","Non-Gold-Plated Chain","Apparel & Accessories > Clothing Accessories > Sunglasses & Sunglasses Accessories","adult","female","Core Collection"
"SNS-021-GP","The Astrelle — 18K Gold-Plated Chain | Sunny's Eyewear","Handcrafted jewelry-eyewear by Sunny's Eyewear. Jet black vintage oval frame with dusty mauve-purple UV400 lenses. 18K gold-plated braided chain temples with 18K gold-plated natural gemstone caps. Category 3 sun protection.","in stock","new","3800.00 EGP","2800.00 EGP","https://sunnys.community/product-detail.html?p=sunnys-product-21","https://sunnys.community/brand_assets/brand%20assets%206/75A49BA7-2407-4691-B668-36DD70AD2ED3.png","https://sunnys.community/brand_assets/brand%20assets%206/2B70C135-10EE-4DB9-937D-EDAC916188A0.png","Sunny's Eyewear","SNS-021","18K Gold-Plated Chain","Apparel & Accessories > Clothing Accessories > Sunglasses & Sunglasses Accessories","adult","female","Core Collection"
"SNS-022-NGP","The Aviara Emerelle — Non-Gold-Plated Chain | Sunny's Eyewear","Handcrafted jewelry-eyewear by Sunny's Eyewear. Gold metal classic pilot aviator frame with emerald green to lime gradient UV400 lenses. Braided gold-tone stainless chain temples with 18K gold-plated natural gemstone caps. Category 3 sun protection.","in stock","new","3400.00 EGP","2400.00 EGP","https://sunnys.community/product-detail.html?p=sunnys-product-22","https://sunnys.community/brand_assets/brand%20assets%206/091102B1-8B97-4C19-949A-779D5A89EAE8.png","https://sunnys.community/brand_assets/brand%20assets%206/51DEC33F-F7B6-45DA-8638-476F3E64ECFF.png","Sunny's Eyewear","SNS-022","Non-Gold-Plated Chain","Apparel & Accessories > Clothing Accessories > Sunglasses & Sunglasses Accessories","adult","female","Core Collection"
"SNS-022-GP","The Aviara Emerelle — 18K Gold-Plated Chain | Sunny's Eyewear","Handcrafted jewelry-eyewear by Sunny's Eyewear. Gold metal classic pilot aviator frame with emerald green to lime gradient UV400 lenses. 18K gold-plated braided chain temples with 18K gold-plated natural gemstone caps. Category 3 sun protection.","in stock","new","4200.00 EGP","3200.00 EGP","https://sunnys.community/product-detail.html?p=sunnys-product-22","https://sunnys.community/brand_assets/brand%20assets%206/091102B1-8B97-4C19-949A-779D5A89EAE8.png","https://sunnys.community/brand_assets/brand%20assets%206/51DEC33F-F7B6-45DA-8638-476F3E64ECFF.png","Sunny's Eyewear","SNS-022","18K Gold-Plated Chain","Apparel & Accessories > Clothing Accessories > Sunglasses & Sunglasses Accessories","adult","female","Core Collection"
"SNS-023-NGP","The Aruoya — Non-Gold-Plated Chain | Sunny's Eyewear","Handcrafted jewelry-eyewear by Sunny's Eyewear. Translucent deep blue geometric pilot frame with light blue to pink gradient UV400 lenses. Braided gold-tone stainless chain temples with 18K gold-plated natural gemstone caps. Category 3 sun protection.","in stock","new","3200.00 EGP","2200.00 EGP","https://sunnys.community/product-detail.html?p=sunnys-product-23","https://sunnys.community/brand_assets/brand%20assets%206/6370BDA3-44D5-4E06-A751-E5D1145F81A7.png","https://sunnys.community/brand_assets/brand%20assets%206/3D30D86A-7B2C-42CE-A5CC-D91415DBE61F.png","Sunny's Eyewear","SNS-023","Non-Gold-Plated Chain","Apparel & Accessories > Clothing Accessories > Sunglasses & Sunglasses Accessories","adult","female","Core Collection"
"SNS-023-GP","The Aruoya — 18K Gold-Plated Chain | Sunny's Eyewear","Handcrafted jewelry-eyewear by Sunny's Eyewear. Translucent deep blue geometric pilot frame with light blue to pink gradient UV400 lenses. 18K gold-plated braided chain temples with 18K gold-plated natural gemstone caps. Category 3 sun protection.","in stock","new","4000.00 EGP","3000.00 EGP","https://sunnys.community/product-detail.html?p=sunnys-product-23","https://sunnys.community/brand_assets/brand%20assets%206/6370BDA3-44D5-4E06-A751-E5D1145F81A7.png","https://sunnys.community/brand_assets/brand%20assets%206/3D30D86A-7B2C-42CE-A5CC-D91415DBE61F.png","Sunny's Eyewear","SNS-023","18K Gold-Plated Chain","Apparel & Accessories > Clothing Accessories > Sunglasses & Sunglasses Accessories","adult","female","Core Collection"
"SNS-024-NGP","The Aviara Rosie — Non-Gold-Plated Chain | Sunny's Eyewear","Handcrafted jewelry-eyewear by Sunny's Eyewear. Gold metal classic pilot aviator frame with blush pink to lemon-lime gradient UV400 lenses. Braided gold-tone stainless chain temples with 18K gold-plated natural gemstone caps. Category 3 sun protection.","in stock","new","3400.00 EGP","2400.00 EGP","https://sunnys.community/product-detail.html?p=sunnys-product-24","https://sunnys.community/brand_assets/brand%20assets%206/44D2F002-052C-4282-8CA6-21C3538C0F2F.png","https://sunnys.community/brand_assets/brand%20assets%206/347A517D-F910-43ED-B164-491555622AC1.png","Sunny's Eyewear","SNS-024","Non-Gold-Plated Chain","Apparel & Accessories > Clothing Accessories > Sunglasses & Sunglasses Accessories","adult","female","Core Collection"
"SNS-024-GP","The Aviara Rosie — 18K Gold-Plated Chain | Sunny's Eyewear","Handcrafted jewelry-eyewear by Sunny's Eyewear. Gold metal classic pilot aviator frame with blush pink to lemon-lime gradient UV400 lenses. 18K gold-plated braided chain temples with 18K gold-plated natural gemstone caps. Category 3 sun protection.","in stock","new","4200.00 EGP","3200.00 EGP","https://sunnys.community/product-detail.html?p=sunnys-product-24","https://sunnys.community/brand_assets/brand%20assets%206/44D2F002-052C-4282-8CA6-21C3538C0F2F.png","https://sunnys.community/brand_assets/brand%20assets%206/347A517D-F910-43ED-B164-491555622AC1.png","Sunny's Eyewear","SNS-024","18K Gold-Plated Chain","Apparel & Accessories > Clothing Accessories > Sunglasses & Sunglasses Accessories","adult","female","Core Collection"
